Titre de la figure,Description de l'image,Type d'illustration,Numéro de page,Source
Couverture de l'ouvrage,Titre du livre 'Histoire de l'Afrique du Nord' avec le nom de l'auteur Bernard Lugan.,Couverture,1,1
Carte de l'Afrique du Nord pharaonique,Défense de l'Égypte sur les oasis situées à l'ouest du Nil face aux Berbères sahariens.,Carte,XI,1
Division du Maghreb antique,"Limites des trois grands royaumes berbères : Massyle, Massaesyle et Mauretanie.",Carte,XVIII,1
Réoccupation du Sahara,"Localisation des massifs de l'Acacus, du Hoggar et de l'Aïr.",Carte,VI,1
Fond ancien de peuplement berbère,Répartition génétique et historique des Berbères de l'Égypte au Maroc.,Cartes,IX et X,1
Représentations des habitants du Sahara,Codification égyptienne des Libyens orientaux portant de grands manteaux.,Planche / Peinture,II,1
Groupes de population négroïde au Sahara,"Localisation au Tibesti, dans l'Ennedi et à Ouenat.",Carte,VI,1
Expéditions au pays de Pount,Route maritime vers l'actuelle Somalie.,Carte,XIV,1
Pays de Ouaouat et Yam,Zones d'influence égyptienne au sud des cataractes du Nil.,Carte,VIII,1
Proto-royaumes de Haute Égypte,"Localisation de Nekhen, Noubt et Thinis.",Carte,VII,1
Villes du Delta et Moyenne-Égypte,"Localisation de Saïs, Tanis, Memphis, Bubastis et Avaris.",Carte,XI et XIII,1
Égypte et Proche-Orient,"Théâtres d'opérations militaires incluant le Mitanni, Qadesh et Karkemisch.",Carte,XII,1
Cyrénaïque grecque,Localisation d'Aziris et du golfe de Bamba.,Carte,XV,1
Limes de Tripolitaine,Systèmes de recueil des pluies et centre agricole à Ghirz.,Carte,XXIV,1
Répartition des tribus berbères (période byzantine),"Localisation des Austuriani, Ifuraces et Laguatan.",Carte,XXII,1
L'expansion Almoravide,Itinéraires de conquête du Sahara vers le Maroc et l'Espagne.,Carte,XXXIV,1
"Mosquée Hassan II, Casablanca",Vue de la mosquée Hassan II à Casablanca utilisée pour le crédit de couverture.,Photographie,12,2
Le Maroc Pré-Romain,"Carte montrant les comptoirs puniques et les villes maurétaniennes de l'Antiquité, avec les noms antiques et modernes (ex: Tingi/Tanger).",Carte,2930,2
La Maurétanie Tingitane,"Carte détaillée de la province romaine avec localisation des colonies romaines, municipes et cours d'eau comme l'Oued Sebou.",Carte,2935,2
L'expansion des Almohades,Carte illustrant l'étendue territoriale de l'empire almohade à travers le Maghreb et l'Espagne (Al-Andalus) entre 1143 et 1172.,Carte,2939,2
Le Maroc en 1660,"Carte politique montrant les divisions territoriales du Maroc, les tribus (ex: Doukkala, Abda) et les villes principales vers 1660.",Carte,2948,2
Le Maroc,"Carte contemporaine montrant les frontières actuelles, les villes majeures, les reliefs (Atlas) et le Sahara Occidental.",Carte,2960,2
Le Maroc en 1914,Carte montrant le découpage du Maroc pendant la période coloniale avec les zones sous contrôle français et espagnol.,Carte,2967,2
Carte générale du Maroc,Une carte générale représentant l'empire du Maroc telle qu'indiquée dans les préliminaires de l'ouvrage.,Carte,8,3
Tableau des frontières du Maroc,"Tableau statistique détaillant le développement des frontières sur l'Océan, le détroit, la Méditerranée et l'Algérie.",Tableau,4,3
Tableau de distribution des races au Maroc,"Tableau présentant la répartition numérique des différentes races composant la population marocaine (Amazirgs, Chelloks, Maures, etc.).",Tableau statistique,9,3
Portrait de Sidi-el-Arbi,"Un portrait au daguerréotype du chérif d'Ouazzan, décrit avec une physionomie morne et flasque.",Daguerréotype,95,3
Bas-relief des pèlerins pétrifiés,Sculpture antique dans une caverne près du tombeau de Sidi-Abd-es-Selam représentant un homme et une femme nus avec un serpent.,Bas-relief,90,3
Plan de Fez par Golius,Plan de la ville de Fez levé par le savant Golius lors de son séjour au Maroc.,Plan,170,3
Tableau des recettes impériales,Tableau statistique détaillé des sources de revenus du trésor impérial marocain.,Tableau statistique,163,3
Tableau des dépenses impériales,Tableau listant les principaux postes de dépenses du gouvernement marocain.,Tableau statistique,164,3
Tableau du tarif spécial d'exportation (Traité anglais de 1857),"Liste des droits de douane fixés pour l'exportation de divers produits (blé, huile, laine, etc.).",Tableau de tarifs,205-206,3
Cartes et plans de Tanger à Fez,Ensemble d'illustrations cartographiques accompagnant l'itinéraire militaire du duc de Caraman.,Cartes et plans,565,3
Les principaux sites préhistoriques du Maroc,"Carte montrant l'emplacement des sites préhistoriques (grottes, gravures, outils) à travers le Maroc.",Carte,6,4
Le Maghreb et le Sahara préhistoriques,"Carte des migrations, des zones de gravures rupestres et des industries lithiques en Afrique du Nord.",Carte,8,4
Outils préhistoriques,"Dessins techniques de galets aménagés, bifaces acheuléens et hachereaux.",Dessin,8,4
Outils atériens et de l'ibéro-maurusien,Représentation de divers outils lithiques comme des pointes et des grattoirs.,Dessin,10,4
Gravures rupestres du Grand Atlas,"Série de gravures représentant des armes de bronze (poignards, hallebardes, pointes de flèche) et un char.",Dessin (Fac-similé de gravure),13,4
Gravure du Haut-Atlas: Cavalier armé,Cavalier de la période protohistorique armé d'un javelot et d'un bouclier rond.,Dessin (Fac-similé de gravure),14,4
Le Maroc pré-romain,Carte des comptoirs puniques et des villes maurétaniennes.,Carte,20,4
Le Maroc du Nord à l'époque pré-romaine,"Carte détaillée des sites antiques dans le nord du Maroc (Tingi, Lixus, Volubilis).",Carte,21,4
Monnaie de Juba II,Représentation d'une pièce de monnaie portant l'inscription 'Rex Juba'.,Photographie (Monnaie),22,4
Portrait présumé de Juba II,Buste en marbre ou bronze trouvé à Volubilis représentant le roi savant.,Photographie (Sculpture),22,4
Lixus: cour du temple d'Héraclès,Vue des ruines de l'agencement du temple à l'époque de Juba II.,Photographie (Site archéologique),23,4
La Maurétanie Tingitane,Carte montrant l'étendue de la province romaine et le tracé du limes (fossatum).,Carte,29,4
Lixus. Le théâtre-amphithéâtre romain,Vue aérienne ou d'ensemble des gradins et de la scène circulaire.,Photographie (Site archéologique),37,4
Volubilis. Vue générale,Le decumanus maximus et l'arc de triomphe de Caracalla.,Photographie (Site archéologique),37,4
Volubilis. Chapiteau de la maison aux colonnes,Détail architectural d'un chapiteau sculpté typique de l'influence locale.,Photographie (Élément architectural),38,4
Volubilis. Mosaïque au décor géométrique,Détail d'un pavement rappelant les motifs de tapis berbères.,Photographie (Mosaïque),38,4
L'Empire musulman au IXe siècle,Carte de l'expansion de l'islam et des routes commerciales entre l'Espagne et l'Orient.,Carte,47,4
Le raid d'Oqba ibn Nafi au Maghreb extrême,Itinéraire de l'expédition d'Oqba de Kairouan jusqu'à l'Atlantique.,Carte,49,4
Le Maghreb occidental à l'époque idrisside,"Carte montrant les villes fondées par les Idrissides et les groupes de population (Berrhouata, Masmouda).",Carte,60,4
Dirhem idrisside,Deux faces d'une pièce d'argent frappée à Oulila mentionnant 'Ali'.,Photographie (Monnaie),66,4
Le Maghreb occidental entre les Idrissides et les Almoravides,Carte de la lutte entre Fatimides et Ommeiyades et routes de l'or.,Carte,74,4
Fès : Le minaret de la mosquée Qaraouiyne,Vue du minaret construit par Abderrahman III en 956.,Photographie (Architecture),80,4
Les villes et les routes au XIe siècle,Carte montrant les distances en jours entre les principales cités médiévales.,Carte,88,4
Décor d'une coupole de la Qaraouiyne,Détails ornementaux de style almoravide.,Photographie (Décoration),94,4
Qoubba almoravide de Marrakech,Vue extérieure et détail du dôme sculpté.,Photographie (Architecture),94,4
Mosquée de Tinmel,Vue d'ensemble de la mosquée dans son site montagneux et détail du minaret.,Photographie (Site historique),102,4
Les étapes de la Reconquête espagnole,Carte montrant la poussée des royaumes chrétiens contre les Almoravides et Almohades.,Carte,108,4
Les routes des caravanes aux XIe et XIIe siècles,Carte du commerce transsaharien de l'or reliant le Ghana au Maroc et à l'Europe.,Carte,122,4
Le Maroc et le commerce méditerranéen aux XIIe et XIIIe siècles,"Carte des flux commerciaux entre le Maroc, l'Espagne, la France et l'Italie.",Carte,123,4
Plan de la mosquée Hassan à Rabat,Schéma architectural de l'emprise au sol de la grande mosquée.,Dessin (Plan),128,4
Porte de la casbah des Oudaias,Vue monumentale de l'entrée principale de la casbah à Rabat.,Photographie (Architecture),128,4
La Grande Mosquée de Fès Jdid,Vue du minaret et de la coupole mérinide.,Photographie (Architecture),145,4
Entrée de la médersa de Salé,Détail de la façade d'un collège mérinide.,Photographie (Architecture),161,4
Porte d'entrée de Chella,Vue de la porte fortifiée de la nécropole royale à Rabat.,Photographie (Architecture),161,4
"Médersa Bou-Inaniya, détail du décor",Travail de sculpture sur plâtre et bois.,Photographie (Décoration),162,4
Les Portugais et les Espagnols au Maroc au XVIe siècle,Carte des places fortes et factoreries occupées par les puissances ibériques sur les côtes.,Carte,174,4
L'Économie marocaine au XVIe siècle,"Carte des productions agricoles, minières et des centres artisanaux.",Carte,186,4
Les routes commerciales au début du XVIe siècle,Carte des réseaux caravaniers vers le Soudan et des comptoirs portugais.,Carte,190,4
Les échanges au XVIe siècle,"Carte montrant les produits exportés (sucre, or, cuir) et importés (draps, fer).",Carte,193,4
Plan de Mazagan au XVIe siècle,Gravure d'époque montrant la citadelle portugaise fortifiée.,Gravure (Plan ancien),196,4
Le Maroc en 1660,Carte du morcellement politique avant l'unification alaouite.,Carte,218,4
Théâtres d'opération des corsaires de Salé,Carte des zones de piraterie en Atlantique s'étendant des Açores à la Guinée.,Carte,228,4
Le Triq-sultan Fès-Tafilalet,Tracé de la route stratégique à travers le Moyen-Atlas vers les oasis.,Carte,237,4
Poussée montagnarde vers les plaines atlantiques,"Carte des migrations des tribus berbères (Zaïans, Zemmour) du XVIIIe au XIXe siècle.",Carte,261,4
Évolution du commerce extérieur au XIXe siècle,Graphique montrant les courbes des importations et exportations de 1830 à 1890.,Graphique,306,4
Les étapes de la conquête coloniale,Carte chronologique de l'occupation militaire française entre 1912 et 1934.,Carte,338,4
L'exploitation coloniale dans la première moitié du XXe siècle,"Carte de l'infrastructure (chemins de fer, barrages) et des centres miniers (phosphates, Jerada).",Carte,358,4
La médina de Rabat,Vue de la médina de Rabat utilisée pour l'illustration de la couverture.,Photographie,"6, 14",5
Le Maroc septentrional,"Carte physique du Nord du Maroc montrant les reliefs (Rif, Atlas), les villes principales et les altitudes.",Carte,16 (Table des cartes : p. 447),5
Le Maghreb occidental au temps des empires almoravide et almohade (XIe-XIIIe siècle),"Carte historique montrant l'étendue des empires Almoravide et Almohade, les routes commerciales et les avancées chrétiennes.",Carte,102 (Table des cartes : p. 447),5
Le Maroc au milieu du XVIIe siècle,"Carte montrant le morcellement politique du Maroc au XVIIe siècle entre différentes zaouïas, chefs locaux et les premiers Alaouites.",Carte,218 (Table des cartes : p. 447),5
Le Maroc sous le protectorat,"Carte montrant les zones d'influence française et espagnole, les infrastructures (chemins de fer, barrages) et les ressources minières.",Carte,302 (Table des cartes : p. 447),5
La découpe du Maroc en régions (1997),Carte administrative moderne présentant la division du territoire marocain en 16 régions selon le découpage de 1997.,Carte,350 (Table des cartes : p. 447),5
Franchissement de l'oued Ouaar par la seguia Tafellaght. Vue aérienne.,Vue du ciel montrant le tracé du canal d'irrigation traversant le ravin de l'oued.,Photographie aérienne,213,6
Aqueduc. Vue d'ensemble prise de la rive gauche.,Vue panoramique montrant les arches élégantes de l'aqueduc de l'oued Ouaar.,Photographie,213,6
Face amont.,Vue détaillée du côté amont de l'aqueduc de l'oued Ouaar.,Photographie,213,6
Face aval.,Vue détaillée du côté aval de la structure monumentale.,Photographie,213,6
L'appareil des arcs.,Gros plan sur la maçonnerie de briques et la construction des arcs en fer à cheval.,Photographie,213,6
Les croisillons.,Détail décoratif en forme de croisillons sur l'un des piliers de l'aqueduc.,Photographie,213,6
La petite niche.,Niche ogivale décorative située au sommet d'un pilier central.,Photographie,213,6
L'aqueduc dans le cadre du ravin.,Vue paysagère montrant l'insertion de l'ouvrage dans son environnement escarpé.,Photographie,213,6
"L'aqueduc vu du canal, rive droite.",Perspective de l'aqueduc prise depuis le niveau supérieur du canal sur la rive droite.,Photographie,213,6
Le canal sur la rive droite.,Vestiges de la canalisation en maçonnerie sur le bord du ravin.,Photographie,213,6
Section du canal au sommet.,Vue du radier et de la coupe transversale du canal Tafellaght sur le tablier.,Photographie,213,6
Le petit ouvrage de la plaine des Glalcha.,Ruines d'une structure hydraulique secondaire liée au réseau de l'aqueduc.,Photographie,213,6
Fig. 13 et 14. Photographies de l'ouvrage prises en 1899 par M. de Segonzac.,Vues historiques de l'aqueduc de l'oued Ouaar avant l'effondrement de deux arches.,Photographie (fac-similé),213,6
15 et 16. Le rebord circulaire effondré.,Vue des vestiges du contour circulaire du grand bassin des Gaba.,Photographie,213,6
17 et 18. Détail de ce rebord.,Vue rapprochée de la construction de l'enceinte du bassin.,Photographie,213,6
19 et 20. Blocs de pisé.,Énormes blocs de maçonnerie en pisé constituant l'enceinte du bassin des Gaba.,Photographie,213,6
Plan de situation au 1:50.000,Carte topographique localisant l'aqueduc de l'oued Ouaar et le bassin des Gaba près de Taroudant.,Carte,213,6
Seguia Tafellaght (franchissement de l'oued Ouaar).,Plan schématique montrant le passage de l'eau au-dessus du ravin.,Dessin/Schéma,213,6
Aqueduc. Elévation au 1:100,Élévation architecturale de l'aqueduc dessinée par M. Perez.,Dessin technique,213,6
Plan du bassin des Gaba au 1:1.000.,Relevé topographique de la forme circulaire du bassin.,Plan,213,6
Ph. 1. Sabre de parade marocain,Vue d'ensemble d'un sabre marocain de la fin du XVIe siècle avec poignée en ivoire.,Photographie,221,6
Ph. 2,Gros plan sur la poignée en ivoire incrustée d'or.,Photographie,221,6
Ph. 3,Détail d'un médaillon en or décorant l'épaisseur de la poignée.,Photographie,221,6
Ph. 4,Détail de l'applique fleuronnée au sommet du pommeau.,Photographie,221,6
Ph. 5,Détail de la virole et de la garde en argent ciselé.,Photographie,221,6
"Kjoekkenmoeddings de Gayville, en cours de formation. 1. Partie récente",Amas de valves de moules noires et blanches sur une plage.,Photographie,226,6
Foyer où sont ouvertes et cuites les moules.,Vue de paniers de récolte et de récipients de cuisson élémentaires (bidons) sur le site.,Photographie,226,6
Vue d'ensemble,Large tache formée par les dépôts de valves de moules à Gayville.,Photographie,226,6
Détail du kjoekkenmoedding relativement ancien,"Conglomérat de sable, terre et valves brisées formant une butte coquillière.",Photographie,226,6
EL-QÇAR - Panorama pris du côté Est,Une vue panoramique de la ville d'El-Qçar el-Kebir montrant son étalement dans la plaine avec des bâtiments et de la végétation.,Photographie,842,7
Croquis d'El Qçar el Kebir d'après le plan de M. le Capitaine Larras,"Un plan topographique détaillé de la ville d'El-Qçar el-Kebir, indiquant les quartiers, les portes (Bab), les mosquées (Djama), les sanctuaires et les routes vers Tanger, Larache et Fès.",Carte,843-853,7
MINARET DE LA GRANDE MOSQUÉE D'EL-QÇAR,Photographie montrant le minaret de la grande mosquée d'El-Qçar avec une croix indiquant l'emplacement d'une inscription grecque encastrée.,Photographie,915,7
INSCRIPTION DE LA MÉDERSA,Photographie d'un estampage d'une inscription en relief sur marbre relative à la fondation d'une médersa par le sultan mérinide Abou Inan.,Fac-similé de document,1529,7
EL-QÇAR - Mosquée de Sidy Al-Azmiry,Vue extérieure de la mosquée de Sidy Al-Azmiry montrant son architecture et son minaret.,Photographie,1548,7
EL-QÇAR - Le Soûq,Une vue du marché (Soûq) d'El-Qçar montrant l'activité commerciale et les bâtiments environnants.,Photographie,1199,7
Planche I : Outils pour la laine,"Série de dessins techniques montrant les outils utilisés pour le travail de la laine : peignes (Mechat), brosses (Qarchel), rouet (Marzel), dévidoir (Chboû) et quenouille (Rokka).",Dessin,1311,7
Planche II : Métier à tisser (Meramma),Coupes en long et en travers et détails techniques d'un métier à tisser traditionnel marocain utilisé par les tisserands (Derrâza).,Dessin,1321,7
Planche III : Poteries,"Ensemble de 14 types de poteries traditionnelles fabriquées à El-Qçar (Kaskas, Zalafa, Gça'a, Barrâda, etc.) avec leurs prix.",Dessin,1340,7
EL-QÇAR - Mosquée de Sidy Ya'qoûb ad-Dadesy,Vue de la mosquée de Sidy Ya'qoûb montrant son minaret carré et les palmiers environnants.,Photographie,1632,7
EL-QÇAR - Marabout de Moulay 'Ali Boû R'aleb,Vue extérieure du mausolée du saint patron de la ville d'El-Qçar.,Photographie,1655,7
La tour de Sidy Bel-Abbas,"Croquis d'une tour octogonale faisant partie de l'ancienne enceinte, devenue un lieu de dévotion juif.",Dessin,1697,7
Emblèmes et pavillons,"Description textuelle des bannières et étendards utilisés par l'émir Youssef ben Tachefyn et les Almohades, notamment l'étendard blanc portant la profession de foi.",Description visuelle (texte),"99, 100",8
Le minaret de la mosquée El-Kairaouyn,Description architecturale d'une tour carrée de 108 empans de hauteur avec des inscriptions en azur et surmontée d'une pomme dorée.,Description visuelle (texte),38,8
Talisman contre les scorpions,"Représentation d'un oiseau tenant un scorpion dans son bec, placé sur le dôme de la mosquée.",Sculpture/Talisman décrit,39,8
L'Anezà de la mosquée,"Panneau de bois de cèdre sculpté servant de mihrab d'été, portant des inscriptions calligraphiques.",Élément architectural décrit,45,8
Le grand lustre de la mosquée El-Kairaouyn,"Lustre massif en cuivre pesant 1 763 livres, doté de 509 lampes.",Objet d'art décrit,46,8
Fenêtre à grillage en marbre,"Fenêtre sculptée en marbre blanc située au-dessus du bassin de la cour, accompagnée d'une inscription sur pierre rouge.",Élément architectural décrit,44,8
Idole en marbre de Fès,"Statue représentant une jeune fille avec des inscriptions antiques gravées sur la poitrine, découverte lors de fouilles.",Sculpture antique décrite,25,8
L'arbre d'or mécanique,"Automate en or représentant un arbre avec des oiseaux chantants, offert par une députation génoise.",Objet mécanique décrit,173,8
Illustration 1 - Effectifs de la diplomatie multilatérale onusienne à New York,"Graphique montrant le nombre de diplomates accrédités par mission permanente auprès de l'ONU à New York, répartis par nombre d'États selon des tranches d'effectifs.",Graphique (Barres),50,9
Illustration 2 - Effectifs de la diplomatie multilatérale onusienne à Genève,Graphique illustrant la répartition des États selon le nombre de diplomates accrédités par mission permanente auprès de l'ONU à Genève.,Graphique (Barres),51,9
Illustration 3 - Effectifs de la diplomatie multilatérale onusienne à Vienne,Graphique présentant le nombre d'États en fonction de l'importance numérique de leurs missions permanentes auprès de l'ONU à Vienne.,Graphique (Barres),52,9
Tableau 1 - Typologie de divers régimes politiques en relation avec l'autonomie des gouvernements non centraux,"Tableau classant différents pays selon trois catégories de régimes : États unitaires, États décentralisés et dévolués, et États fédérés.",Tableau,65,9
Tableau 1 - Les principaux instruments internationaux des droits de l'homme et du droit international humanitaire,"Tableau listant les déclarations, pactes et conventions régissant le droit international des droits de l'homme d'une part, et le droit international humanitaire d'autre part.",Tableau,294,9
Figure 1 - L'effet boomerang,"Schéma conceptuel montrant comment les ONG locales, bloquées par leur État (A), activent des réseaux d'ONG internationales et d'organisations intergouvernementales pour faire pression via un État tiers (B).",Schéma,299,9
Le baptême de Clovis,"Raoul de Presles offrant son œuvre à Charles V. L'enluminure montre plusieurs scènes : le baptême de Clovis par l'abbé Rémy, la remise de l'écu bleu fleurdelisé par un ange, et d'autres moments fondateurs de la monarchie française.",Enluminure,141,10
La Liberté guidant le peuple,"Une femme (allégorie de la liberté) brandissant le drapeau tricolore sur une barricade jonchée de corps de révolutionnaires blessés ou morts, entourée d'insurgés armés.",Peinture,142,10
Portrait de l'émir Abd el-Kader,Petite photographie montrant le personnage historique algérien Abd el-Kader.,Photographie,143,10
La prise de la smala d'Abd el-Kader,"Scène de bataille coloniale montrant des soldats français et des algériens, avec des tentes et des chameaux au milieu de l'action.",Peinture,143,10
De Gaulle en Irlande,Le général De Gaulle et son épouse marchant avec des cannes dans un paysage désert lors de sa retraite.,Photographie,145,10
La Cour,"Caricature montrant De Gaulle portant une perruque à la mode ancienne, porté par deux courtisans.",Caricature,146,10
Liberté j'écris ton nom,Illustration inspirée du poème de Paul Éluard.,Peinture,146,10
Illustration de couverture,Image artistique signée Huda Lutfi ornant la couverture de l'ouvrage.,Dessin/Peinture,Couverture,10
Maquette de couverture,Conception graphique de la couverture réalisée par Hafid Gafaïti.,Graphisme,5,10
"Couverture des Archives Marocaines, Volume IX","Fac-similé de la couverture d'origine du volume IX des Archives Marocaines, montrant le titre et le logo de la Mission Scientifique du Maroc.",Fac-similé de document,19,11
Page de titre du Kitab Elistiqsa,"Reproduction de la page de titre de l'ouvrage traduit, mentionnant l'auteur Ahmed ben Khaled Ennasiri Esslaoui et le traducteur Eugène Fumey.",Fac-similé de document,21,11
Emblème du Ministère de l'Europe et des Affaires Étrangères,"Logo officiel de la République Française avec la devise Liberté, Égalité, Fraternité.",Logo/Emblème,1,11
Logo de la Bibliothèque diplomatique numérique,Identifiant visuel du site de la Bibliothèque diplomatique numérique (BDN).,Logo/Graphique,2,11
Sceau des Archives Marocaines,Représentation circulaire ou sceau imprimé figurant sur les publications de la Mission scientifique du Maroc.,Sceau/Gravure,31,11
Mur d'enceinte de Tanger,"Plan schématique montrant les différentes parties de l'enceinte de Tanger avec indication des époques de construction (portugaise, anglaise, musulmane).",Plan,99,12
Plan de la Qaçba,"Plan détaillé de la citadelle de Tanger (Qaçba) situant les palais, mosquées, prisons, batteries et jardins.",Plan,112,12
Tatouages des tribus rifaines (Fig. 1 à 5),"Cinq schémas représentant les motifs de tatouages faciaux caractéristiques des tribus Tamsamân, Beni Ouriar'el, Beqqoûya, Beni Itteft et Guela'ya.",Dessin schématique,176,12
La charrue (Fig. 6),"Dessin d'une charrue traditionnelle marocaine (mihrath) avec ses différentes pièces : socle, sabot de fer, manche et brancard.",Dessin,234,12
La faucille (Fig. 7),Dessin d'une faucille traditionnelle (menjel) utilisée pour la moisson dans le Fahç.,Dessin,235,12
Plan du dolmen (Fig. 1),Plan technique avec mesures d'une sépulture mégalithique découverte à El-Mriès.,Plan,292,12
Le dolmen ouvert (Fig. 2),Représentation d'un dolmen dégagé de sa végétation montrant les dalles verticales et horizontales.,Dessin (d'après photographie),293,12
Enlèvement de la dalle (Fig. 3),Scène montrant l'utilisation d'un palan pour soulever la dalle supérieure d'un dolmen lors des fouilles.,Dessin (d'après photographie),295,12
Carte de la Maurétanie Tingitane,"Carte géographique montrant le littoral et l'intérieur du Maroc antique avec les noms latins et grecs des fleuves, caps et villes.",Carte,300,12
Inscription juive ancienne de Volubilis,"Fac-similé d'une épitaphe en caractères hébreux carrés dédiée à Matrona, fille du rabbin Iehoudah.",Fac-similé,Planche hors-texte (entre 378 et 379),12
Inscription punique trouvée à Lixus,Fac-similé d'une dédicace votive en caractères phéniciens anciens.,Fac-similé,Planche hors-texte (entre 378 et 379),12
Territoire des FAHÇYA,Carte détaillée de la banlieue de Tanger et de la région du Cap Spartel montrant l'emplacement des villages (dchour) de la tribu.,Carte / Croquis,Non paginée (entre 148 et 149),12
Emblème des Archives Marocaines,Un sceau circulaire ornementé contenant le texte ARCHIVES MAROCAINES avec des motifs géométriques et des inscriptions en arabe au centre.,Fac-similé de document / Sceau,Page de garde (non numérotée),13
Sceau de la Mission Scientifique du Maroc,Un sceau officiel de forme circulaire avec des inscriptions arabes au centre et la mention 'Mission Scientifique du Maroc' autour.,Fac-similé de document / Sceau,Frontispice (non numéroté),13
Tampon de la Bibliothèque Nationale,Un tampon rectangulaire avec l'inscription 'RF BIBLIOTHÈQUE NATIONALE' indiquant l'appartenance institutionnelle du document.,Fac-similé de document / Tampon officiel,24,13
Marque de l'Imprimeur E. Arrault et Cie,Une marque typographique indiquant la date 22-10-06 et le nom de l'imprimeur à Tours.,Marque d'imprimeur,399,13
Fac-similé de correspondance marocaine,Reproduction de lettres officielles du Makhzen issues des archives de la Légation de France.,Fac-similé de document,XIV,14
Figure géométrique d'Aristote,"Représentation circulaire décrivant les relations entre le monde, le gouvernement, la loi, le roi, l'armée, l'argent, les sujets et la justice.",Dessin / Schéma (mentionné),116,14
Illustration de couverture,L'œuvre Eskimo Mask réalisée en 1955 par Jean-Paul Riopelle.,Dessin/Peinture,6,15
Figure 1. La gamme d'instruments de politique étrangère,Un schéma présentant le spectre des instruments allant de la socialisation (diplomatie douce) à l'intervention (force armée) en passant par la coercition.,Schéma technique,34,15
Figure 2. Le cycle de la formulation des politiques étrangères,"Un diagramme circulaire montrant les six phases : cadrage, mise à l'ordre du jour, examen des options, décision, mise en œuvre et évaluation.",Schéma technique,57,15
Figure 3. L'harmonie,Matrice de la théorie des jeux montrant une configuration où les deux joueurs obtiennent un gain de 4 en choisissant l'option 1.,Graphique (matrice),81,15
Figure 4. La bataille des sexes,Matrice de jeu illustrant un problème de coordination où deux équilibres de Nash existent selon les préférences divergentes des acteurs.,Graphique (matrice),82,15
Figure 5. Le dilemme du prisonnier,Matrice montrant un optimum instable où l'incitation à la défection mène à un équilibre sous-optimal.,Graphique (matrice),83,15
Figure 6. La chasse au cerf,Matrice représentant un jeu où la défection est motivée par une stratégie de prudence face à l'incertitude.,Graphique (matrice),84,15
Figure 7. La poule mouillée,"Matrice de jeu combinant deux équilibres avec un optimum instable, simulant un test de témérité entre négociateurs.",Graphique (matrice),85,15
"Figure 8. Comparaison schématique de la prise de décision selon la théorie du choix rationnel, la théorie de la rationalité limitée et la théorie polyheuristique",Schéma comparant comment les options sont sélectionnées ou éliminées selon trois modèles théoriques différents.,Schéma comparatif,95,15
Figure 9. Risques associés aux styles de gestion,Graphique croisant l'activité du chef et la structure décisionnelle pour identifier des risques comme la pensée groupale ou les jeux bureaucratiques.,Graphique conceptuel,217,15
Figure 10. Typologie des caractères selon James Barber,Tableau classant les présidents américains selon les axes de l'affectivité (positive/négative) et de l'activité (forte/faible).,Tableau typologique,238,15
Fac-similé du cachet du Sultan,Empreinte du sceau d'Abdelaziz ben Elhassan avec inscription calligraphique.,Sceau / Fac-similé,142,16
Tableau des recettes douanières,"Données chiffrées des encaissements douaniers par port (Tanger, Casablanca, etc.) pour les années 1900-1903.",Tableau,145,16
Tableau de répartition de l'emprunt par banque,"Liste des banques contractantes (Banque de Paris, Société Générale, etc.) avec leurs pourcentages de participation respectifs.",Tableau,149,16
Le Général Lyautey à Aïn Sefra,Portrait du Maréchal Lyautey positionné en frontispice du volume.,Photographie hors texte,Frontispice,17
Les confins algéro-marocains,"Carte géographique détaillée montrant les itinéraires de reconnaissance, les pistes principales, les massifs montagneux et les lignes de chemin de fer dans la région frontalière entre l'Algérie et le Maroc.",Carte hors texte,Fin du volume,17
Couverture de l'ouvrage,"Page de garde du livre 'Foreign Policy and Political Regime', édité par José Flávio Sombra Saraiva, incluant les logos de l'Instituto Brasileiro de Relações Internacionais.",Fac-similé de document / Page de titre,1,18
Page d'informations éditoriales (Verso de la page de titre),"Informations bibliographiques du livre, incluant l'ISBN 85-88270-12-9, le dépôt légal et les coordonnées de l'IBRI à Brasilia.",Fac-similé de document,12,18
Table des matières (Sumário),"Liste structurée des chapitres du livre, divisée en deux parties : Théorie et Histoire, puis Vues Comparatives et Diversité des Expériences.",Tableau / Fac-similé,5,18
Tableau des régimes politiques post-soviétiques (Groupe 1 : Libres),"Classement de la liberté (Droits Politiques et Libertés Civiles) pour la Lituanie, l'Estonie et la Lettonie selon Freedom House 2002.",Tableau,106,18
Tableau des régimes politiques post-soviétiques (Groupe 2 : Partiellement libres),"Classement de la liberté pour la Moldavie, l'Arménie, la Géorgie, l'Ukraine, la Russie et l'Azerbaïdjan.",Tableau,106,18
Tableau des régimes politiques post-soviétiques (Groupe 3 : Non libres),"Classement de la liberté pour le Kazakhstan, le Kirghizistan, le Tadjikistan, la Biélorussie, l'Ouzbékistan et le Turkménistan.",Tableau,107,18
Page des contributeurs,Liste des auteurs ayant participé à l'ouvrage avec leurs affiliations académiques respectives.,Fac-similé de document / Liste,363,18
Fiche technique de production,"Tableau détaillant les spécificités de fabrication du livre : format, polices de caractères, type de papier et tirage (2000 exemplaires).",Tableau / Colophon,364,18
S.M. LA REINE ISABELLE,Portrait de Sa Majesté la Reine Isabelle II d'Espagne.,Gravure/Portrait,22,19
LE MARECHAL O'DONNELL DUC DE TÉTOUAN,"Portrait de S. E. le Maréchal Léopold O'Donnell, Comte de Lucena et Duc de Tétouan.",Gravure/Portrait,54,19
S.E.M.S.CALDERON COLLANTES,"Portrait de Saturnino Calderon Collantès, Ministre des Affaires Étrangères.",Gravure/Portrait,83,19
S.E.M. POSADA HERRERA,"Portrait de José de Posada Herrera, Ministre de l'Intérieur.",Gravure/Portrait,122,19
S. E. M. MAC-CROHON,"Portrait du Lieutenant-Général José Mac-Crohon, Ministre de la Marine.",Gravure/Portrait,158,19
S. E. M. FERNANDEZ NEGRETE,"Portrait de Santiago Fernandez Negrete, Ministre de Grâces et Justice.",Gravure/Portrait,189,19
S. E. M. LE MARQUIS DE CORVERA ET S. E. M. SALAVERRIA,Portraits du Marquis de Corvera (Travaux publics) et de Pedro Salaverria (Finances).,Gravure/Portraits,200,19
"LE GÉNÉRAL PRIM, COMTE DE REUS","Portrait du Général Juan Prim, Comte de Reus et Marquis de Castillejo.",Gravure/Portrait,260,19
Généalogie des Fihrites,"Arbre généalogique présentant la descendance d'Oqba ben Nafi el-Fihri, incluant des branches pour Khaled, Abderrahman, Elias et leurs descendants respectifs avec les dates de décès.",Graphique généalogique,230,20
"Généalogie des Beni Midrar, rois de Sijlamasa","Tableau schématique détaillant la lignée de la dynastie des Beni Midrar depuis Aboul-Qasem ben Semkou jusqu'à El-Moutazz Billah, avec les dates de règne.",Graphique généalogique,243,20
Généalogie des Fihrites,"Arbre généalogique détaillant la descendance d'Oqba ben Nafi El-Fihri sur plusieurs générations, incluant les dates de décès de certains membres de la famille.",Arbre généalogique,230,21
"Généalogie des Beni Midrar, rois de Sijlamasa","Tableau généalogique montrant la succession des souverains de la dynastie des Beni Midrar à Sijlamasa, avec leurs périodes de règne.",Arbre généalogique,243,21
Liste chronologique des souverains almohades,"Un tableau ou une liste structurée présentant les noms des quatorze souverains almohades accompagnés de leurs dates de règne respectives, de Mohammed Ibn Toumert à Idris El-Ouateq dit Abou Debbous.",Tableau chronologique,257,22
صومعة مسجد المنصورة بتلمسان,"Le minaret de la mosquée Mansoura, vestige des Mérinides à Tlemcen.",Photographie d'un monument historique,16,23
الساعة المائية بفاس,Vestiges de l'horloge hydraulique située dans le quartier Talaa à Fès.,Photographie,17,23
رسالة السلطان أبي سالم,Fac-similé d'une lettre du Sultan Abu Salim adressée à Bernat Cabrera en 1360.,Fac-similé de document,20,23
صورة نزول المسيحيين بالمهدية,Illustration montrant le siège de Mahdia par les Chrétiens et les Génois au XVe siècle.,Dessin/Illustration de manuscrit,31,23
اهتمام المغاربة بالصقور منذ القدم,Représentation visuelle de la fauconnerie au Maroc.,Dessin,36,23
رسم يمثل منسى موسى ملك مالي,"Portrait de Mansa Musa, roi du Mali, extrait de la carte sphérique de Dulcert de 1339.",Carte historique/Dessin,48,23
اسطراب,Représentation d'un astrolabe fabriqué par la famille Al-Battuti au Maroc.,Schéma/Dessin technique,52,23
أحد الأبواب القديمة لفاس الجديد,Vue d'une des anciennes portes de la ville de Fès Jdid.,Photographie/Dessin,61,23
خزانة الكتب بجامع القرويين,"Vue de la bibliothèque de la mosquée Al-Quaraouiyine à Fès, datant de 750 H.",Photographie,68,23
حروف باللاتينية,Inscriptions latines sur une cloche transformée en lustre à la mosquée Al-Quaraouiyine.,Dessin de caractères,78/79,23
الجامع الأعظم بقرطبة والجامع الأعظم بفاس,Comparaison visuelle entre la Grande Mosquée de Cordoue et celle de Fès.,Dessin,80,23
باب شالة من الداخل,Vue intérieure de la porte de la nécropole de Chellah.,Dessin,85,23
قاعة السفراء في غرناطة,Vue de la salle des ambassadeurs dans l'Alhambra de Grenade.,Photographie,91,23
رسوم ملوك بني نصر,Peintures représentant les rois nasrides dans la salle des rois à l'Alhambra.,Dessin/Peinture,95,23
باب الأنصاري بسلا,Dessin de la porte de l'arsenal (Bab al-Mrissa) à Salé.,Dessin historique,98,23
ضريح ابن الخطيب,Photographie de la tombe de l'érudit Lisan al-Din ibn al-Khatib à Fès.,Photographie,112,23
من آثار حروب السعيد,Vestiges de destructions datant de l'époque des guerres civiles sous le règne d'Abu Saïd.,Photographie de ruines,115,23
صورة من الجزر الخالدات,Paysage des îles Canaries.,Photographie,117,23
صورة من أزمور,Vue de la ville d'Azemmour.,Photographie,118,23
وثيقة بتاريخ 15 شعبan 703,Lettre diplomatique mérinide datée du 24 mars 1304.,Fac-similé de document,124,23
المنظر الداخلي لباب سبتة في مدينة تطوان,Vue de l'intérieur de Bab Sebta à Tétouan à partir d'un dessin ancien.,Dessin ancien,127,23
وثيقة بتاريخ 5 ربيع الأول 723,Document relatif à l'aide mérinide à l'Aragon pour la Sardaigne (14 mars 1323).,Fac-similé de document,132,23
وثيقة بتاريخ 22 رجب 724,Lettre du Sultan Abu Saïd à Jacques II (16 juin 1324).,Fac-similé de document,134,23
وثيقة بتاريخ 9 جمادى الثانية 745,Lettre du Sultan Abu al-Hassan à Ibn al-Hajjaj (18 octobre 1344).,Fac-similé de document,136,23
وثيقة بتاريخ 24 ذو الحجة 746,Document diplomatique daté du 17 avril 1346.,Fac-similé de document,138,23
وثيقة بتاريخ 28 ذي القعدة 750,Lettre d'Abu Inan (Faris) au roi d'Aragon (27 décembre 1349).,Fac-similé de document,140,23
وثيقة بتاريخ 28 رجب 752,Lettre du Sultan Faris concernant un incident de piraterie (20 septembre 1351).,Fac-similé de document,144,23
وثيقة بتاريخ 7 شعبان 761,Lettre du Sultan Abu Salim annonçant la conquête de Tlemcen (24 juin 1360).,Fac-similé de document,148,23
الأمير ضون فيرناندو,Portrait de l'infant portugais Ferdinand capturé à Tanger.,Dessin/Portrait,166,23
صورة ساحل نهر أرنو في بيزة,Vue des rives de l'Arno à Pise où se trouvent les archives d'État.,Photographie,179,23
وثيقة بتاريخ 3 صفر 759,Lettre du Sultan Abu Inan à la Reine Eléonore (15 janvier 1338).,Fac-similé de document,184,23
من سواري كنيسة مونريال بصقلية,Détails architecturaux des colonnes de la cathédrale de Monreale en Sicile.,Photographie,186,23
وثيقة بتاريخ 20 رجب 681,Lettre historique adressée par Abu Yusuf Yaqub au roi de France Philippe le Hardi (octobre 1282).,Fac-similé de document,192/193,23
ميناء مرسيليا,"Représentation du port de Marseille, point de liaison avec le Maroc.",Dessin/Gravure,194,23
ضريح سيدي بومدين,"Le mausolée de Sidi Boumediene, vestige mérinide à Tlemcen.",Photographie,207,23
الشيخ إبراهيم التازي,Portrait imaginaire de l'érudit et diplomate Ibrahim al-Tazi.,Dessin,213,23
مصحف بخط السلطان أبي الحسن,Page d'un Coran calligraphié par le Sultan Abu al-Hassan pour la mosquée Al-Aqsa.,Fac-similé de manuscrit,218,23
ابن بطوطة,Représentation imaginaire du célèbre voyageur marocain.,Dessin,228,23
أزمور,Vue de la ville d'Azemmour à l'époque portugaise.,Gravure historique,237,23
المنجنيق,Schéma d'une catapulte utilisée par les moudjahidines marocains.,Schéma technique,239,23
وثيقة خطاب من ملك فاس إلى ملك البرتغال,Lettre de Mohammed al-Burtughali au roi Emmanuel Ier (1514).,Fac-similé de document,248,23
وثيقة بتاريخ 3 ذو الحجة 933,Lettre de Moulay Messoud au Comte de Linhares (septembre 1527).,Fac-similé de document,251,23
وثيقة بتاريخ 3 يبراير 1549,Lettre d'Abu Hassoun à Charles Quint rédigée à Badis (en espagnol).,Fac-similé de document,263,23
وثيقة بتاريخ 13 يوليه 1550,"Lettre de Moulay Omar, émir de Debdou, au Duc de Medina Sidonia.",Fac-similé de document,265,23
نموذج من الكرفيلا البرتغالية,Schéma d'une caravelle portugaise utilisée lors de l'expansion maritime.,Schéma/Dessin,268,23
خريطة المغرب عن وثائق طوري دي طومبو,Carte historique du Maroc d'après les archives de la Torre do Tombo.,Carte,271,23
وثيقة بتاريخ 22 أبريل 1504,Lettre du roi Emmanuel Ier aux habitants d'Azemmour.,Fac-similé de document,280,23
وثيقة بتاريخ 21 محرم 940,Réponse du Sultan Wattasside Abu al-Abbas à François Ier (12 août 1533).,Fac-similé de document,292,23
اتفاقية باديس,Texte du traité commercial entre l'émir de Badis et Venise (1508).,Fac-similé de document,301/302,23
تأكيد استسلام السلطان أبي عبد الله الصغير,Acte d'abdication autographe de Boabdil face aux Rois Catholiques (juillet 1493).,Fac-similé de document,322,23
البدلة التي كان يرتديها عبد الله الصغير,Costume de Boabdil conservé au musée de Madrid.,Photographie d'objet,323,23
خريطة المغرب على عهد بني وطاس,Carte montrant le rétrécissement du territoire marocain sous les Wattassides.,Carte,327,23
Généalogie Alaouite,Document manuscrit dicté par le sultan Moulay Slimane détaillant la lignée de la dynastie alaouite.,Fac-similé de document manuscrit,10,24
Lettre du Sultan Ottoman au monarque marocain,Texte manuscrit d'une correspondance diplomatique de la part du Sultan Ottoman adressée au souverain du Maroc.,Fac-similé de document manuscrit,15,24
Partie du discours ottoman (1107/1196),Fragment d'un document officiel ottoman provenant des archives d'Istanbul.,Fac-similé de document manuscrit,19,24
Lettre marocaine traduite en turc (Rajab 1143),Traduction turque d'une lettre envoyée par le Sultan Moulay Abdallah au Sultan Mahmoud Ier.,Fac-similé de document manuscrit,24,24
Lettre du Sultan Sidi Mohammed ben Abdallah au Grand Vizir Ottoman,Document de présentation de l'ambassadeur Abdelkrim Ragoun daté de 1180 (1766).,Fac-similé de document manuscrit,27,24
Lettres de créance des ambassadeurs Mbarek ben Hammad et Haj Abdallah al-Sharbi,Documents officiels accréditant les envoyés du Sultan Mohammed ben Abdallah auprès du Sultan Abdul Hamid Ier (v. 1190/1777).,Fac-similé de document manuscrit,28,24
Discours du Sultan Abdul Hamid sur les corans ornés d'or,Réponse impériale ottomane concernant la demande marocaine de vente des bijoux ornant les corans de Médine.,Fac-similé de document manuscrit,32,24
Mosquée As-Sounna à Rabat,Lieu où a été reçu l'ambassadeur turc Ismaïl Effendi en 1785.,Photographie/Dessin,35,24
Partie du rapport d'Ismaïl Effendi,Extrait d'un rapport secret ottoman daté de 1201 (1787) décrivant l'influence du monarque marocain.,Fac-similé de document manuscrit,38,24
Lettre du Sultan Abdul Hamid au Sultan Sidi Mohammed ben Abdallah,Correspondance diplomatique importante datée de Joumada I 1201 (mars 1787).,Fac-similé de document manuscrit,39,24
Lettre reçue par le Sultan Sidi Mohammed ben Abdallah (1204/1790),Correspondance du Sultan Selim Ier confirmant la réception de messages via l'ambassadeur Barkash.,Fac-similé de document manuscrit,42,24
Lettre informant Moulay Slimane de l'attaque de Napoléon sur l'Égypte,Document daté de 1213 (1799) sollicitant l'aide marocaine contre l'invasion française.,Fac-similé de document manuscrit,45-46,24
La Grande Mosquée de Sousse,Représentation visuelle de la mosquée tunisienne en lien avec les relations diplomatiques.,Photographie/Dessin,46,24
L'ambassadeur tripolitain Haj Abd al-Rahman Agha,Représentation de l'envoyé de Tripoli reçu par le Sultan Mohammed ben Abdallah en 1790.,Dessin/Gravure,52,24
Le Maroc à l'époque Alaouite (Frontières),Carte montrant les frontières méridionales et orientales du Maroc au début de l'État Alaouite.,Carte,58,24
Lettres de Moulay Slimane à l'émir du Nigeria,Deux documents manuscrits datés de 1810 adressés à Othman ben Fodi (Nigeria).,Fac-similé de document manuscrit,63-64,24
Siège de la ville de Salé,Illustration du blocus naval de Salé par la flotte française au XVIIe siècle.,Gravure historique,70,24
L'ambassadeur marocain Muhammad Tamim,Portrait du premier envoyé marocain à la cour de France (1682).,Gravure/Portrait,73,24
Lettre de Moulay Ismaïl à Louis XIV (1095/1684),Correspondance critiquant la politique française concernant les captifs.,Fac-similé de document manuscrit,76,24
Château de Versailles,"Vue du palais royal français, lieu de réception des ambassadeurs marocains.",Photographie/Gravure,78,24
Audience donnée par l'Empereur du Maroc à l'Ambassadeur de France,Scène montrant Moulay Ismaïl recevant l'ambassadeur de Saint-Olon en 1693.,Gravure historique,79,24
"Abdallah ben Aïcha, ambassadeur du Maroc en France",Portrait de l'ambassadeur maritime marocain à Paris en 1699.,Gravure/Portrait,81,24
Signature de l'ambassadeur Ibn Aïcha,Reproduction de la signature autographe du diplomate en arabe.,Fac-similé de signature,82,24
La princesse française de Conti,Portrait de la princesse que Moulay Ismaïl avait envisagé de demander en mariage.,Peinture/Portrait,85,24
Lettre de Louis XV à la Sultane Khnata,"Traduction et original d'une lettre adressée à Khnata bent Bakkar, mère du sultan.",Fac-similé de document,89,24
Lettre de Mohammed III à Louis XV (1181/1767),Document relatif à l'arrivée de l'ambassadeur Breugnon pour le rachat des captifs.,Fac-similé de document manuscrit,92,24
Lettre de Mohammed III à Louis XV (1186/1772),Lettre confirmant la paix et mentionnant le soutien à l'Empire Ottoman.,Fac-similé de document manuscrit,93,24
Portrait de Thami Fennich,Représentation imaginaire de l'ambassadeur marocain à Paris.,Dessin/Portrait,94,24
Lettre de Mohammed III à Louis XVI,Correspondance concernant le rachat des captifs et l'égalité de traitement.,Fac-similé de document manuscrit,95,24
Lettre de Moulay Slimane au Conseil Exécutif Français (1213/1798),Correspondance concernant les agressions de corsaires français contre des navires marocains.,Fac-similé de document manuscrit,98,24
Lettre de Moulay Slimane à Napoléon Ier,Félicitations pour ses victoires et envoi de l'ambassadeur Idriss al-Rami en 1807.,Fac-similé de document manuscrit,100,24
Un des canons laissés par les Espagnols à Larache,Vestige militaire de l'occupation espagnole après la libération de la ville en 1689.,Photographie de vestige,106,24
Première lettre du Roi du Maroc au Roi d'Espagne (1765),Correspondance datée du 22 Chawwal 1178 adressée par Mohammed III à Charles III.,Fac-similé de document manuscrit,118,24
Lettre de l'émir Moulay Yazid au monarque espagnol,Document de l'année 1206 relatif à la paix et aux échanges diplomatiques.,Fac-similé de document manuscrit,125,24
Lettre du Sultan Moulay Hicham à Charles IV,Correspondance datée de 1206 (1792) sollicitant une aide militaire.,Fac-similé de document manuscrit,127,24
Portrait d'Ali Bey al-Abbassi,Portrait du célèbre voyageur et espion espagnol au Maroc.,Portrait historique,130,24
Forteresse de Fedala (Mohammedia),Représentation de l'établissement commercial espagnol créé sous Moulay Slimane.,Dessin/Gravure,132,24
Porteurs d'eau,Scène illustrant l'accueil de l'ambassadeur portugais à Marrakech en 1677.,Gravure historique,136,24
Ancienne image du mausolée de Sidi Belyout,Représentation ancienne d'un monument de Casablanca (Anfa).,Dessin/Gravure,139,24
Ancien dessin de la ville de Lisbonne,Vue panoramique historique de la capitale portugaise.,Gravure ancienne,139,24
Traces du Portugal à El Jadida (Mazagan),Vestiges architecturaux de la période d'occupation portugaise.,Photographie,143,24
Dernière clause du traité maroco-portugais,Fac-similé du 22ème article de la convention de 1187 (1773).,Fac-similé de manuscrit,143,24
Lettre de Sidi Mohammed ben Abdallah au Roi du Portugal (1188),Accréditation de l'ambassadeur Omar ben Daoudi.,Fac-similé de document manuscrit,145,24
Frappe de la monnaie,Illustration technique montrant le processus de frappe des pièces de monnaie.,Dessin/Schéma,146,24
Lettre de Moulay Slimane à la Reine du Portugal et du Brésil,Document diplomatique soulignant les liens entre le Maroc et les territoires portugais.,Fac-similé de document manuscrit,150,24
Lettre du Ministre des Affaires étrangères d'Ibn Othman (1213),"Correspondance destinée à son homologue portugais, retrouvée à Rio de Janeiro.",Fac-similé de document manuscrit,153,24
Sultan Moulay Ismaïl,Portrait imaginaire du sultan tel que représenté par les peintres européens contemporains.,Portrait/Gravure,159,24
Signature de Muhammad ben Haddou,Signature de l'ambassadeur marocain en Angleterre datée de 1682.,Fac-similé de signature,160,24
Lettre d'accréditation de Muhammad ben Haddou,Document officiel présenté à Charles II d'Angleterre en 1681.,Fac-similé de document manuscrit,161,24
Portrait de l'ambassadeur Muhammad ben Haddou,Représentation de l'envoyé marocain conservée à la bibliothèque royale britannique.,Portrait,162,24
Conférence médicale à Tanger,Illustration d'une rencontre entre médecins marocains et européens à Tanger.,Dessin historique,163,24
Lettre de Moulay Ismaïl au Roi Jacques II (1698),Célèbre lettre invitant le roi d'Angleterre à embrasser l'Islam.,Fac-similé de document manuscrit,165,24
Sceau du Roi Mohammed II (ben Ismaïl),Modèle des sceaux royaux utilisés pour authentifier les documents.,Empreinte de sceau,172,24
Signature de l'ambassadeur Adil,Fac-similé de la signature de l'envoyé marocain en Angleterre (v. 1762).,Fac-similé de signature,174,24
Lettre de Mohammed III au Roi George III (1766),Correspondance diplomatique entre les deux souverains.,Fac-similé de document manuscrit,175,24
Lettre de Moulay Slimane sur la tentative de récupération de Sebta (1810),Document stratégique adressé aux autorités britanniques.,Fac-similé de document manuscrit,179,24
Convention maroco-néerlandaise (1682),Traité de paix entre Moulay Ismaïl et le Prince d'Orange.,Fac-similé de document manuscrit,186,24
Lettre de Moulay Ismaïl aux États-Généraux (1683),Accréditation de Youssef Tolédano pour négocier la paix.,Fac-similé de document manuscrit,188,24
Traité maroco-néerlandais (1684),Version finale du traité de paix signé sous Moulay Ismaïl.,Fac-similé de document manuscrit,190,24
Lettre de Moulay Ismaïl aux États-Généraux (1690),Document relatif à la libération d'un navire hollandais.,Fac-similé de document manuscrit,192,24
Lettre du Sultan Moulay Abdallah aux États-Généraux (1729),Accréditation d'Isaac Meshquita.,Fac-similé de document manuscrit,194,24
Lettre de la Sultane Khnata aux États-Généraux (1729),Document rare émanant de la mère du Sultan Moulay Abdallah.,Fac-similé de document manuscrit,195,24
Portrait du Duc de Ripperda,Personnalité politique européenne s'étant réfugiée au Maroc.,Gravure/Portrait,196,24
Plaque de marbre de la Kasbah d'Agadir,Inscription bilingue (arabe/flamand) datant de 1746.,Photographie d'inscription,197,24
Convention maroco-néerlandaise (1752),Traité de paix signé sous Moulay Abdallah.,Fac-similé de document manuscrit,198,24
Lettre de Mohammed III à la communauté des États-Généraux (1172),Lettre d'amitié et annonce de l'envoi de l'ambassadeur R'zini.,Fac-similé de document manuscrit,200,24
Lettre de Mohammed III aux États-Généraux (1183/1769),Critique concernant la fourniture d'équipements militaires à des tiers.,Fac-similé de document manuscrit,202,24
Lettre du Sultan Moulay Yazid aux États-Généraux (1790),Confirmation de la poursuite des relations pacifiques après son accession au trône.,Fac-similé de document manuscrit,206,24
Lettre de l'émir Moulay Taïeb (1209/1794),Correspondance annonçant l'envoi d'un ambassadeur aux Pays-Bas.,Fac-similé de document manuscrit,207,24
Documents maroco-néerlandais divers,Série de correspondances diplomatiques et traités.,Fac-similé de documents,208,24
Lettre de Mohammed III à l'Empereur Joseph II (1784),Réponse du sultan marocain aux cadeaux de l'empereur d'Autriche.,Fac-similé de document manuscrit,214,24
L'ambassadeur Muhammad ben Abd al-Malik présentant ses lettres de créance,Scène de réception à la cour de Vienne par l'empereur Joseph II.,Gravure historique,216,24
Document d'Istanbul sur l'ambassade marocaine à Vienne,Document ottoman témoignant de l'intérêt porté à la diplomatie marocaine en Europe.,Fac-similé de manuscrit ottoman,217,24
Première et deuxième page de la convention maroco-autrichienne (1830),Traité de paix signé entre Moulay Abderrahman et l'Autriche.,Fac-similé de document manuscrit,221-222,24
Lettre de Moulay Slimane à l'Empereur d'Autriche (1218),Correspondance affirmant la poursuite de la paix initiée par son père.,Fac-similé de document manuscrit,224,24
Lettre de Moulay Slimane au César II (1805),Approbation du traité de paix et ajout de nouvelles clauses.,Fac-similé de document manuscrit,225,24
Dessin de l'ambassade de Flöckl à Marrakech (1830),Scène illustrant les pourparlers diplomatiques suite à la saisie d'un navire autrichien.,Dessin d'archives,227,24
Mausolée «Torba» Baba à Buda,Monument d'un chef soufi en Hongrie (actuel Budapest).,Photographie/Dessin,228,24
Portrait imaginaire du Sultan Moulay Rachid,Représentation du souverain réalisée par le graveur Wenceslaus Hollar en 1669.,Gravure/Portrait,229,24
Lettre de Mohammed III au Premier Ministre Russe (1778),Message au Comte Tchernychev concernant l'ouverture des ports aux navires russes.,Fac-similé de document manuscrit,231,24
Lettre de l'ambassadeur Ibn Abd al-Malik au Premier Ministre Russe,Notification de l'accord du sultan pour entamer des relations avec Catherine II.,Fac-similé de document manuscrit,233,24
Lettre à l'Impératrice de Russie (1196/1782),Correspondance de Mohammed III à Catherine II soulignant la paix en mer et sur terre.,Fac-similé de document manuscrit,236,24
Réponse de l'Impératrice de Russie à Mohammed III (1783),Document impérial russe en faveur de la liberté de commerce réciproque.,Fac-similé de document officiel,237,24
Traité maroco-danois (1),Clauses de l'accord commercial et maritime de 1166 (1753).,Fac-similé de document manuscrit,245,24
Traité maroco-danois (2),Suite des conditions de l'accord entre Frédéric V et l'émir Sidi Mohammed.,Fac-similé de document manuscrit,246,24
Lettre de Mohammed III au Roi du Danemark (1169/1756),Remerciements pour l'envoi de cadeaux et confirmation de l'ouverture des ports.,Fac-similé de document manuscrit,247,24
Mohammed III recevant une mission diplomatique danoise,Gravure montrant le sultan entouré de savants et de dignitaires recevant l'envoyé danois.,Gravure historique,248,24
Faucon,Illustration d'un rapace en lien avec l'échange de cadeaux de chasse entre le Maroc et le Danemark.,Dessin/Photographie,253,24
Mémoires du captif suédois (Marcus Berg),Couverture de l'ouvrage publié à Stockholm en 1757 relatant son esclavage à Fès.,Fac-similé de couverture de livre,257,24
Traité maroco-suédois (1176/1763),Accord de paix et de commerce entre Mohammed III et Adolphe-Frédéric.,Fac-similé de document manuscrit,258,24
"Le consul de Suède à Tanger, Jacob Gråberg de Hemsö",Portrait de l'auteur d'un célèbre ouvrage géographique sur le Maroc publié en 1834.,Portrait,261,24
Lettre de Moulay Zidane au Duc de Gênes (1700),Document manuscrit sollicitant la facilitation du voyage d'un résident génois.,Fac-similé de document manuscrit,266,24
Le Doge de Gênes remettant les instructions à ses ministres,Illustration historique des archives d'État de Gênes.,Gravure/Peinture,268,24
Décret de nomination de Chiappe au service du Makhzen (1784),Sultanat de Mohammed III nommant le Génois Francisco Chiappe comme interprète et intermédiaire.,Fac-similé de document manuscrit,270,24
Lettre du monarque marocain au gouverneur de Toscane (1767),Réclamation concernant le pillage d'un navire marchand marocain.,Fac-similé de document manuscrit,271,24
Lettre du Maroc à Venise (1765),Accompagnement du traité de paix après ratification par Mohammed III.,Fac-similé de document manuscrit,274,24
Lettre du Sultan Moulay Slimane au Duc de Venise (1795),Confirmation du renouvellement de la trêve et des relations amicales.,Fac-similé de document manuscrit,276,24
Lettre d'accréditation d'Ibn Othman comme ambassadeur à Naples (1781),Document présenté au Roi Ferdinand IV des Deux-Siciles.,Fac-similé de document manuscrit,280,24
Église San Giovanni à Palerme,Ancienne mosquée décrite par l'ambassadeur Ibn Othman lors de son séjour.,Photographie/Gravure,281,24
Décret de Moulay Slimane concernant la mission franciscaine (1794),Ordre royal garantissant la protection et l'exemption des taxes pour les moines catholiques.,Fac-similé de document manuscrit,285,24
Décret sur la création d'une ligne maritime liant le Maroc à l'Amérique (1786),Document de Mohammed III ordonnant de sonder les diplomates à Tanger sur ce projet.,Fac-similé de document manuscrit,292,24
Document (Lettre du Sultan au Roi d'Espagne),Annonce de la libération de captifs américains médiée par l'Espagne (1785).,Fac-similé de document manuscrit,296,24
Lettre de Mohammed III au Président George Washington,Confirmation de la conclusion du traité de paix et d'amitié en 1786.,Fac-similé de document manuscrit,298,24
Image du premier traité avec les États-Unis d'Amérique,Document officiel signé à Marrakech le 1er Ramadan 1200.,Fac-similé de document historique,299,24
Dessin de Tanger,"Vue panoramique de la ville de Tanger, capitale diplomatique, provenant des archives de Vienne.",Gravure/Dessin,303,24
Document de confirmation de la paix entre le Maroc et l'Amérique (1803),Décret de Moulay Slimane renouvelant l'engagement de son père.,Fac-similé de document manuscrit,307,24
Ancien bâtiment de la Légation des États-Unis d'Amérique,"Le plus ancien bien immobilier possédé par les États-Unis à l'étranger, offert par Moulay Slimane.",Photographie/Gravure,309,24
Lettre du Sultan Moulay Abderrahman à tous les consuls (1822),Circulaire annonçant son accession au trône et le maintien des traités existants.,Fac-similé de document manuscrit,310,24
Dessin de la ville de Dubrovnik,Représentation de la république de Raguse sur la mer Adriatique.,Dessin/Gravure,314,24
Lettre de Mohammed III au Diwan de Dubrovnik (1780),Pardon accordé pour l'erreur commise lors du transport des pèlerins marocains.,Fac-similé de document manuscrit,315,24
Lettre de la Sublime Porte au Sultan Yazid ben Mohammed (1791),Recommandation en faveur des sujets chrétiens de Dubrovnik.,Fac-similé de manuscrit ottoman,318,24
Lettre de Moulay Slimane au Diwan de la République de Raguse (1795),Notification du règlement d'un litige concernant un navire saisi.,Fac-similé de document manuscrit,319,24
Lettre dans les archives d'Istanbul sur les îles grecques,Document de 1214 (1800) recommandant la protection des sept îles ioniennes.,Fac-similé de manuscrit,324,24
Ancienne mosquée à Athènes,Édifice religieux ottoman transformé en musée.,Dessin/Photographie,325,24
Dahir (décret royal) de Respect et Sauvegarde,"Fac-similé d'un décret royal scellé en faveur d'un rabbin de Meknès, provenant des Archives Bargach.",Fac-similé de document / Photographie,12,25
Un juif marocain et son épouse,Portrait photographique d'un couple juif marocain.,Photographie,15,25
Musiciens juifs d'Essaouira,Groupe de musiciens juifs à Essaouira (anciennement Mogador) à la fin du XIXe siècle.,Photographie,15,25
Maison de Maïmonide à Fès,"Vue de la maison historique de Maïmonide située à Fès, issue du fonds SIC-Miège.",Photographie,16,25
"Marché de Taroudant, 1920",Scène de vie quotidienne au marché de Taroudant en 1920.,Photographie,17,25
"Juifs priant pour la pluie, Essaouira, vers 1920",Rassemblement de la communauté juive d'Essaouira pour une prière rogatoire vers 1920.,Photographie,17,25
Le prince héritier Moulay Hassan à la synagogue Beth El,Le futur roi Hassan II assistant à l'office de Yom Kippour à la synagogue Beth El de Casablanca en 1959.,Photographie,18,25
Remise du Prix Martin Luther King à S.A.R. Lalla Hasna,"Cérémonie de remise du prix décerné à titre posthume au roi Mohammed V, New York, décembre 2015. On y voit la princesse, André Azoulay et des ambassadeurs.",Photographie,20,25
Les communautés juives du Maroc en 1950,Carte géographique du Maroc montrant la répartition et l'importance de la population juive par localité en 1950.,Carte,634,25
Le Maroc en 2016,Carte physique et administrative du Maroc actuel montrant les reliefs et les principales villes.,Carte,742,25
Sultan Moulay Hafid avec les autorités françaises à Rabat,Photographie du Sultan Moulay Hafid entouré d'officiers et de fonctionnaires français lors de son séjour à Rabat avant son abdication.,Photographie,195,26
Le Sultan Moulay Youssef reçoit le Roi des Belges,"Scène de réception officielle montrant le Sultan Moulay Youssef accueillant le Roi Albert Ier de Belgique et la Reine Elisabeth, avec la présence du Maréchal Lyautey.",Photographie,197,26
Inauguration de la mosquée de Paris en France,Photographie montrant le Sultan Moulay Youssef lors de la cérémonie d'inauguration de la Mosquée de Paris en 1926.,Photographie,200,26
Membres du mouvement national après leur sortie de prison en 1936,"Photographie de groupe de leaders nationalistes marocains, dont Allal El Fassi et Mohamed Hassan Ouazzani, après leur libération à Fès.",Photographie,204,26
Roosevelt avec le Roi Mohammed V,Photographie historique montrant le Président Franklin D. Roosevelt assis à table avec le Sultan Mohammed ben Youssef et le Prince Moulay Hassan lors de la conférence d'Anfa en 1943.,Photographie,207,26
Document historique de la demande d'indépendance,Fac-similé du Manifeste de l'Indépendance présenté le 11 janvier 1944.,Fac-similé de document,209,26
Le Roi Mohammed V lors de sa visite à Tanger,Image du Sultan Mohammed V prononçant son célèbre discours à Tanger en avril 1947.,Photographie,210,26
Soutien du groupe islamique au Maroc à l'ONU,Photographie montrant les représentants des pays arabes et islamiques (dont le Prince Fayçal d'Arabie Saoudite) à l'ONU en 1952 pour soutenir la cause marocaine.,Photographie,221,26
Le Roi Mohammed V en route vers l'exil,Image émouvante montrant le Sultan Mohammed V et ses fils montant dans l'avion pour l'exil en août 1953.,Photographie,223,26
Mbarek Bekkay et Christian Pineau,Le Premier ministre marocain Mbarek Bekkay serrant la main du ministre français Christian Pineau après la signature de l'acte d'indépendance.,Photographie,230,26
Remise des lettres de créance à la Princesse Lalla Aicha,"Le Roi Hassan II remettant ses lettres de créance à sa sœur, la Princesse Lalla Aicha, nommée ambassadrice au Royaume-Uni.",Photographie,252,26
Le Roi Hassan II et la Reine Elisabeth II,Le souverain marocain et la Reine du Royaume-Uni côte à côte dans un carrosse royal lors d'une visite officielle à Londres.,Photographie,254,26
Le Roi Hassan II au sommet de Belgrade,Le Roi Hassan II prononçant un discours à la tribune de la conférence des pays non-alignés à Belgrade en 1961.,Photographie,309,26
Le Roi Hassan II reçoit le Pape Jean-Paul II,Rencontre historique à l'aéroport de Casablanca entre le Roi Hassan II et le Pape Jean-Paul II lors de sa visite au Maroc en 1985.,Photographie,314,26
Lettre de Sa Majesté au Marché Commun Européen,Fac-similé de la lettre officielle datée du 8 juillet 1987 demandant l'adhésion du Maroc aux Communautés Européennes.,Fac-similé de document,322,26
Carte du Maroc,"Une carte géographique montrant les principales villes du Maroc (Tanger, Rabat, Casablanca, Marrakech, Agadir, Fès, Meknès), les chaînes de l'Atlas (Moyen, Haut et Anti-Atlas), le Rif, ainsi que les pays limitrophes (Espagne, Portugal, Algérie, Mali) et le Sahara occidental.",Carte,6,27
La politique des barrages,Encadré textuel traitant de l'histoire et des statistiques de l'irrigation et de la construction de barrages au Maroc depuis l'indépendance.,Fac-similé de document (Encadré),20,27
Le « développement par le golf »,Encadré informatif expliquant l'importance du golf dans la stratégie de développement et la vie du roi Hassan II.,Fac-similé de document (Encadré),24,27
Miséreux et milliardaires,Encadré analysant les disparités de richesse extrêmes entre les communes pauvres comme Sidi Ali et les quartiers luxueux des grandes villes.,Fac-similé de document (Encadré),29,27
Être noir aujourd'hui au Maroc,"Encadré discutant de la situation sociale, historique et des discriminations vécues par les populations noires et les étudiants subsahariens au Maroc.",Fac-similé de document (Encadré),40,27
La question du Sahara occidental,"Encadré explicatif sur les enjeux politiques, le Front Polisario et le conflit territorial lié au Sahara occidental depuis 1975.",Fac-similé de document (Encadré),42,27
Les langues du Maroc,"Encadré présentant la diversité linguistique du pays : arabe dialectal, arabe classique, parlers berbères (tachelhit, tamazight, tarifit) et l'usage du français et de l'anglais.",Fac-similé de document (Encadré),47,27
L'affaire Ben Barka,"Encadré historique relatant l'enlèvement à Paris en 1965 de Mehdi Ben Barka, principal opposant à Hassan II.",Fac-similé de document (Encadré),70,27
Les deux coups d'État manqués de 1971 et 1972,Encadré détaillant les tentatives de putsch militaire de Skhirat (1971) et l'attaque du Boeing royal (1972).,Fac-similé de document (Encadré),72,27
Comment le pouvoir contrôle le pays,"Encadré décrivant la structure de l'appareil sécuritaire et administratif marocain (walis, caïds, moqaddems).",Fac-similé de document (Encadré),83,27
Le tourisme et la société marocaine,"Encadré analysant l'impact du tourisme de masse sur la société, incluant les problématiques du coût du logement et du tourisme sexuel.",Fac-similé de document (Encadré),90,27
"Le haschisch, une manne pour le pouvoir et les paysans","Encadré sur l'économie du cannabis dans le Rif, sa production mondiale et ses implications politiques.",Fac-similé de document (Encadré),98,27
L'Instance Équité et Réconciliation,Encadré présentant la commission nationale chargée d'enquêter sur les violations des droits de l'homme commises par le passé.,Fac-similé de document (Encadré),104,27
L'état des médias,"Encadré fournissant des statistiques sur la presse écrite marocaine, sa diversité et ses tirages.",Fac-similé de document (Encadré),107,27
"Les Marocaines, citoyennes majeures","Encadré sur l'évolution du statut des femmes, la réforme de la Moudawana et leur place dans les secteurs public et professionnel.",Fac-similé de document (Encadré),113,27
"Être fonctionnaire, le rêve des diplômés chômeurs",Encadré sur la crise des diplômés au chômage et leurs mouvements de protestation.,Fac-similé de document (Encadré),118,27
Les morts sur les routes : un bilan désastreux,"Encadré sur la sécurité routière, les statistiques d'accidents et la vétusté du parc automobile.",Fac-similé de document (Encadré),122,27
Le planning familial,Encadré sur l'histoire de la contraception au Maroc et les mutations démographiques.,Fac-similé de document (Encadré),126,27
Cheikh Yassine,Portrait biographique du fondateur du mouvement Justice et Bienfaisance.,Fac-similé de document (Encadré),140,27
Le soufisme,Encadré définissant les fondements spirituels et ésotériques du soufisme au Maroc.,Fac-similé de document (Encadré),145,27
Les prédicatrices,Encadré sur l'apparition des mourchidates (femmes guides religieux) dans les mosquées.,Fac-similé de document (Encadré),150,27
"Chamharouch, sur la piste du Toubkal",Encadré décrivant un lieu de pèlerinage berbère réputé pour la guérison des maladies mentales.,Fac-similé de document (Encadré),160,27
La communauté juive,Encadré historique sur la présence millénaire des juifs au Maroc et leur départ massif après 1948.,Fac-similé de document (Encadré),164,27
La grande mosquée Hassan-II,"Encadré sur les détails architecturaux, les prouesses techniques et le financement de l'édifice à Casablanca.",Fac-similé de document (Encadré),174,27
Les riads,Encadré expliquant l'architecture traditionnelle des maisons à patio et leur transformation actuelle en établissements touristiques.,Fac-similé de document (Encadré),182,27
Proverbes et dictons,Encadré regroupant des adages populaires marocains illustrant la sagesse et la culture locale.,Fac-similé de document (Encadré),193,27
"Abderrahim Yamou, une valeur sûre",Portrait de l'artiste peintre et sculpteur contemporain marocain.,Fac-similé de document (Encadré),198,27
La tanjia marrakchia,Encadré culinaire présentant la recette et l'origine de ce plat traditionnel de Marrakech.,Fac-similé de document (Encadré),207,27
Chefchaouen,"Encadré décrivant l'histoire, l'architecture bleue et les particularités de cette cité du Rif.",Fac-similé de document (Encadré),211,27
Tableau des situations de communication,"Un tableau croisé classant la communication selon deux axes : sa durée (permanente ou occasionnelle) et sa direction (interne, bilatérale ou multilatérale).",Tableau,55,28
Schéma de la communication de Jakobson,"Représentation visuelle du processus de communication incluant l'émetteur, le message, le récepteur, le référent, le code et le canal.",Schéma,264,28
Afrique Romaine au IIIe siècle,"Carte géographique montrant les limites des provinces de la Maurétanie Tingitane, Maurétanie Césarienne, Numidie et Africa, ainsi que les routes romaines et les principales villes.",Carte,84-85,29
Tanger la Blanche,"Vue de la ville de Tanger depuis le large, montrant ses villas de style européen, ses jardins, ses murs blancs, sa casbah crénelée et ses minarets ornés de faïences.",Description visuelle (paysage urbain),14,30
Campement de route à Tanger,"Une petite ville nomade composée de tentes habitées par l'escorte arabe, entourée de chevaux, chameaux et mules de charge pâturant sur une colline dominant Tanger.",Description visuelle (scène de campement),22-25,30
Place du Grand-Marché à Tanger,"Une vaste esplanade poussiéreuse remplie de chameaux agenouillés, de Bédouins, de marchandises, et animée par des sorciers nègres battant le tambour au crépuscule.",Description visuelle (scène de marché),26,30
Tente de maître marocaine,"Tente blanche en forme d'immense parapluie, ornée de galons bleus et de trèfles en maroquin rouge, avec un mur circulaire en toile (tarabieh) décoré d'arabesques bleues.",Description visuelle (architecture nomade),56-57,30
L'avant-garde du Sultan,"Trois cavaliers nègres de front menant la colonne : celui du milieu porte l'étendard de soie rouge à boule de cuivre, les autres tiennent des fusils aux canons brillants.",Description visuelle (personnages),73,30
Fantasia de bienvenue,"Cavaliers arabes en burnous multicolores lançant leurs chevaux au galop, brandissant des fusils de cuivre et tirant à poudre dans un tourbillon de poussière et de fumée.",Description visuelle (scène d'action),76-77,30
La Mouna (Offrande royale),"Un cortège d'hommes graves drapés de blanc apportant des jarres de lait, du beurre, des paniers d'œufs, des cages de poulets et des moutons devant la tente du ministre.",Description visuelle (scène de cérémonie),90,30
Les suppliantes sous la tente,"Trois femmes voilées entourées d'enfants, enlaçant le mât du pavillon de France près d'une génisse sacrifiée, éclairées par des fanaux dans la nuit.",Description visuelle (scène dramatique),98-100,30
Traversée de l'Oued M'cazen,"Scène de désordre montrant des hommes nus et des chevaux traversant une rivière boueuse à la nage, tandis que les bagages passent sur un radeau de roseaux (mahadia).",Description visuelle (scène de voyage),148-152,30
Czar-el-Kébir,"Ville entourée de bois d'oliviers et d'orangers, caractérisée par des minarets brun sombre, des toits en tuiles et des portes ogivales ornées d'arabesques.",Description visuelle (paysage urbain),163-164,30
Mosaïques et colonnades intérieures,"Cours intérieures de maisons de notables (Chaouch et le Chérif) avec colonnades, pavages de mosaïques, fontaines et murs blanchis à la chaux.",Description visuelle (architecture intérieure),185-187,30
Plaine de fleurs du Maroc,"Vastes étendues sauvages composées de zones de mauves roses, de marguerites blanches et de boutons d'or jaunes, créant un tapis multicolore à perte de vue.",Description visuelle (paysage naturel),207,30
Pont sur l'Oued M'kez,"Pont ancien aux arceaux ornés de faïences vertes et marqué du sceau de Salomon, situé dans un paysage pastoral de montagnes boisées.",Description visuelle (architecture),309,30
L'entrée à Fez,Haies d'honneur formées par des cavaliers aux costumes multicolores et de l'infanterie rouge du Sultan devant les remparts gigantesques et les portes ogivales de la ville.,Description visuelle (scène historique),339-343,30
La Mosquée Karaouïn,"Vaste sanctuaire montrant des perspectives de colonnes, des milliers de lanternes, des pavés de mosaïques et des cours inondées de soleil avec des fontaines de marbre.",Description visuelle (architecture religieuse),414-418,30
Apparition du Sultan Mouley-Hassan,"Le Sultan, drapé de mousseline blanche sur un cheval blanc, escorté de nègres herculéens agitant des chasse-mouches et abrité sous un grand parasol rouge.",Description visuelle (portrait impérial),439-442,30
Terrasses de Fez au crépuscule,Vue panoramique des toits gris de la ville se couvrant de femmes en costumes éclatants et hautes mitres (hantouze) sous une lumière rose dorée.,Description visuelle (scène de genre),484-486,30
La Porte de Mouley-Ismaïl à Mékinez,"Gigantesque ogive flanquée de bastions, entièrement revêtue de mosaïques de faïence jaunes et vertes avec des inscriptions religieuses noires.",Description visuelle (architecture monumentale),768-769,30
Appel de l'Imam Idris aux Marocains,Fac-similé d'un manuscrit ancien écrit en calligraphie arabe représentant la lettre de l'Imam Idris adressée aux tribus marocaines.,Fac-similé de document,11,31
Mausolée d'Idris Ier à Zerhoun,Photographie montrant l'architecture extérieure du sanctuaire dédié au fondateur de la dynastie Idrisside.,Photographie,14,31
Document de fondation de la mosquée de Tlemcen par les Idrissides,Reproduction d'un fragment d'inscription épigraphique mentionnant le nom d'Idris.,Fac-similé de document,15,31
Image de la ville de Fès,Vue panoramique ou détail architectural du cœur historique de la ville de Fès.,Photographie/Dessin,16,31
Barrage Idris Ier aux environs de Fès,Vue d'une infrastructure hydraulique moderne portant le nom du souverain historique.,Photographie,17,31
Rive des Andalous et rive des Kairouanais à Fès,Schéma ou croquis illustrant la division topographique originelle de la ville de Fès.,Dessin/Schéma,21,31
Plus ancien tracé de calligraphie coufique trouvé au Maroc,Détail d'une inscription calligraphique coufique sur pierre ou bois.,Photographie de vestige,23,31
La plus ancienne monnaie idrisside,Reproduction du recto et verso d'un dirham frappé sous le règne idrisside.,Dessin/Photographie de monnaie,26,31
Murailles de Basra au Maroc,Photographie montrant les vestiges des remparts de l'ancienne cité de Basra Al-Maghrib.,Photographie,29,31
Carte politique de l'État Idrisside,Carte géographique montrant l'étendue territoriale et les villes sous contrôle idrisside au Maroc.,Carte,31,31
Lettre d'Idris Ier aux habitants d'Égypte,Reproduction manuscrite d'une correspondance diplomatique d'Idris Ier.,Fac-similé de document,41,31
Rencontre entre Charlemagne et Souleymane al-Arabi,Illustration historique dépeignant l'entretien diplomatique entre le roi des Francs et le chef musulman.,Dessin historique,52,31
Partie de la mosquée d'Ubayd Allah al-Mahdi,Vue architecturale d'un élément de la mosquée fatimide de Mahdia.,Photographie/Dessin,69,31
Plus ancien minaret de son genre dans le monde islamique,Photographie du minaret historique de la mosquée Al-Qarawiyyin à Fès.,Photographie,74,31
Vue de Mahdia,Vue d'ensemble de la ville côtière de Mahdia en Tunisie.,Photographie,82,31
Statue de l'émir Abd al-Rahman al-Dakhil,Photographie du monument érigé en hommage au fondateur des Omeyyades d'Espagne à Almuñécar.,Photographie de sculpture,88,31
La Girafe et le Faucon,Dessins représentant des animaux exotiques offerts lors de cadeaux diplomatiques.,Dessin,95,31
Le premier aviateur Abbas Ibn Firnas,Portrait imaginaire ou représentation de l'inventeur marocain d'Andalousie.,Dessin,106,31
Ibn Hayyan tel qu'imaginé par un peintre marocain,Portrait artistique du célèbre historien andalou.,Dessin/Peinture,110,31
Vue de la mosquée de Cordoue,Détail de l'architecture intérieure (arcs et colonnes) de la capitale omeyyade.,Photographie,141,31
Ville de Madinat al-Zahra à Cordoue,Photographie des ruines et de la restauration du site palatial omeyyade.,Photographie,180,31
Dessin d'une escouade de chevaux,Représentation graphique de chevaux arabes.,Dessin,250,31
Dessin d'Al-Hassan Ibn Kannun,Portrait imaginé du dernier souverain idrisside.,Dessin,277,31
Porte d'Al-Futuh et Porte d'Ajissa à Fès,Dessins des deux portes historiques monumentales de la ville de Fès.,Dessin,301,31
Abd al-Rahman III recevant le moine Nicolas,Tableau historique représentant l'audience du calife à l'envoyé de l'empereur byzantin.,Peinture/Reproduction d'œuvre,311,31
Abd al-Rahman III recevant le moine Jean de Gorze,Reproduction d'une peinture illustrant l'ambassade envoyée par l'empereur d'Allemagne.,Peinture/Reproduction d'œuvre,318,31
Carte de l'Afrique septentrionale et Moyen-Orient,Une carte détaillée montrant les routes des caravanes d'esclaves et les principaux marchés dans la deuxième moitié du XIXe siècle.,Carte,94-95,32
Koufi ancien sur bois de cèdre,Reproduction d'une inscription calligraphique ancienne trouvée dans la mosquée Al-Quaraouiyine.,Fac-similé de document,419,33
Tableau de la récolte de canne à sucre,Illustration montrant des travailleurs engagés dans la récolte de canne à sucre.,Dessin,14 (PDF 1763),33
Dahir de Moulay Ismaïl,Fac-similé d'un décret royal concernant les bénéfices de la pêche à l'alose.,Fac-similé de document,20 (PDF 470),33
Écriture Fassi ou Qalam al-Roumi,Tableau montrant les correspondances entre les chiffres et les signes d'une ancienne écriture marocaine.,Graphique/Tableau,41 (PDF 582-592),33
Codes secrets de l'ambassadeur Announ,Illustration de symboles cryptographiques utilisés pour les communications secrètes au XVIe siècle.,Dessin/Symboles,57 (PDF 664-665),33
Réception de l'ambassadeur britannique à Meknès,Illustration d'une cérémonie officielle présidée par le sultan Moulay Ismaïl accueillant une délégation étrangère.,Dessin/Peinture,74 (PDF 741),33
Bab Mansour El Aleuj,Vue de la célèbre porte monumentale de Meknès.,Dessin,77 (PDF 749),33
Cloche transformée en lustre,Dessin d'une cloche d'église espagnole réutilisée comme luminaire dans une mosquée marocaine.,Dessin,88 (PDF 787),33
Le faucon dans les ouvrages marocains,"Illustration montrant un faucon, symbole de la chasse traditionnelle et des échanges diplomatiques.",Dessin,90 (PDF 792),33
Horloge à bougie de Grenade,Schéma technique d'un mécanisme ancien pour mesurer le temps nocturne.,Dessin technique,142 (PDF 967),33
Noria hydraulique à Fès,Dessin montrant le mécanisme d'une roue à eau utilisée pour l'irrigation.,Dessin,152 (PDF 1012),33
En-têtes de journaux de Tanger,"Fac-similés des titres de diverses publications de presse en langues étrangères (Le Réveil du Maroc, Al-Moghreb Al-Aksa).",Fac-similé de document,246 (PDF 1382-1430),33
Timbre postal et cachets,Illustration des premiers timbres marocains représentant la zaouïa Aïssaoua de Tanger.,Dessin/Fac-similé,240 (PDF 1363),33
Le messager (Raqqas),Illustration montrant un messager à pied transportant le courrier royal.,Dessin,230 (PDF 1327),33
Not in source,Arbre généalogique de la famille Pallache montrant les descendants d'Isaac Pallache.,Diagramme généalogique,8,6
Not in source,"Index alphabétique des noms propres, lieux et termes mentionnés dans le volume.",Index,385-424,34
Ex-libris de l'Université du Michigan,Marque de propriété de la bibliothèque de l'Université du Michigan avec la mention 'Artes Scientia Veritas' et l'année 1817.,Sceau / Ex-libris,Not in source,14
Logo Ministère de l'Europe et des Affaires Étrangères,"Emblème officiel de la République française avec la devise Liberté, Égalité, Fraternité.",Logo / Armoiries,Not in source,16
Logo Bibliothèque diplomatique numérique (BDN),Identifiant visuel du site des Archives diplomatiques.,Logo,Not in source,16
Le commandant Muhammad ibn Abd al-Malik,"Représentation de l'ambassadeur du roi Mohammed III auprès de l'empereur d'Autriche Joseph II, d'après un tableau original de Loschenkohl.",Peinture/Dessin (reproduction),Not in source,24